Ticker,Name,Asset_Class,Bars_Count,Directional_Accuracy_Pct,Annualized_Sharpe,Annualized_Sortino,Max_Drawdown_Pct,Cumulative_Return_Pct,Buy_Hold_Return_Pct,Win_Rate_Pct,Profit_Factor,Volatility_Annualized_Pct,Candle_Invariant_Pass_Pct,Rank,Percentile
PANW,Palo Alto Networks,Equities,251,56.0,3.763,6.989,-16.0,167.81,188.53,55.33,1.811,47.05,100.0,1,100.0
UGA,United States Gasoline Fund,Commodities,251,61.33,2.803,3.24,-11.23,57.47,71.06,60.27,1.628,28.75,100.0,2,99.7
FTNT,Fortinet Inc.,Equities,251,56.0,2.55,4.619,-24.71,76.79,91.21,55.41,1.485,40.87,100.0,3,99.3
ARKG,ARK Genomic Revolution ETF,ETFs,251,54.67,2.431,4.432,-12.6,63.74,76.45,54.0,1.482,36.93,100.0,4,99.0
CRWD,CrowdStrike Holdings,Equities,251,58.0,2.403,4.008,-22.11,97.78,113.12,56.67,1.481,53.8,100.0,5,98.6
VLO,Valero Energy,Equities,251,54.67,2.38,3.96,-9.76,54.45,70.03,53.38,1.47,33.01,100.0,6,98.3
DDOG,Datadog Inc.,Equities,251,54.0,2.345,3.914,-23.6,90.0,109.73,53.02,1.477,51.75,100.0,7,98.0
ARKW,ARK Next Generation Internet ETF,ETFs,251,55.33,2.308,4.243,-14.6,39.46,50.29,54.67,1.429,25.66,100.0,8,97.6
MPC,Marathon Petroleum,Equities,251,60.67,2.273,3.625,-13.37,48.49,60.02,59.33,1.438,31.43,100.0,9,97.3
ZS,Zscaler Inc.,Equities,251,56.67,2.246,3.366,-24.3,84.54,96.81,56.85,1.445,51.95,100.0,10,97.0
WDAY,Workday Inc.,Equities,251,53.33,2.148,4.077,-23.35,78.58,88.08,53.69,1.449,51.5,100.0,11,96.6
AMD,Advanced Micro Devices,Equities,251,58.0,2.054,3.142,-24.8,67.67,80.68,55.33,1.385,47.97,100.0,12,96.3
TMO,Thermo Fisher Scientific,Equities,251,56.0,2.0,3.533,-14.11,32.16,42.43,54.67,1.394,24.99,100.0,13,95.9
NEAR-USD,NEAR Protocol USD,Crypto,366,48.0,1.998,3.431,-50.83,130.1,147.95,48.0,1.434,90.72,100.0,14,95.6
TEAM,Atlassian Corp.,Equities,251,55.33,1.963,3.451,-37.46,77.71,129.38,54.93,1.38,57.71,100.0,15,95.3
ARKK,ARK Innovation ETF,ETFs,251,54.67,1.891,3.531,-14.93,35.85,46.41,54.0,1.342,29.56,100.0,16,94.9
PSX,Phillips 66,Equities,251,56.67,1.843,3.176,-11.34,35.09,45.59,56.0,1.34,29.85,100.0,17,94.6
AAPL,Apple Inc.,Equities,251,56.67,1.839,2.961,-15.64,25.78,35.56,55.33,1.354,22.32,100.0,18,94.3
NET,Cloudflare Inc.,Equities,251,56.67,1.698,2.314,-32.88,63.92,82.7,56.76,1.317,59.57,100.0,19,93.9
XBI,SPDR S&P Biotech ETF,ETFs,251,54.0,1.479,2.538,-9.34,20.59,29.97,54.0,1.254,23.08,100.0,20,93.6
CRM,Salesforce Inc.,Equities,251,54.67,1.477,2.644,-25.75,33.21,43.57,54.67,1.27,37.34,100.0,21,93.2
GOOGL,Alphabet Inc. (Google),Equities,251,58.0,1.407,2.191,-11.53,21.19,30.61,57.33,1.261,25.22,100.0,22,92.9
COMT,iShares Commodity Select Strategy,Commodities,251,60.67,1.404,1.499,-9.16,13.07,21.86,58.67,1.302,15.57,100.0,23,92.6
INJ-USD,Injective USD,Crypto,366,42.0,1.4,2.474,-48.12,62.3,74.37,39.16,1.286,81.82,100.0,24,92.2
CANE,Teucrium Sugar Fund,Commodities,251,50.67,1.352,2.448,-8.29,11.33,20.61,50.68,1.257,14.08,100.0,25,91.9
PLTR,Palantir Technologies,Equities,251,55.33,1.348,2.166,-28.91,35.64,46.19,54.67,1.255,45.78,100.0,26,91.6
DBE,Invesco DB Energy Fund,Commodities,251,58.67,1.336,1.544,-12.82,21.27,30.7,58.0,1.269,27.05,100.0,27,91.2
GSG,iShares S&P GSCI Commodity-Indexed,Commodities,251,60.67,1.311,1.381,-9.93,13.65,22.5,60.0,1.277,17.62,100.0,28,90.9
HUM,Humana Inc.,Equities,251,54.0,1.296,2.099,-21.16,30.27,40.39,52.67,1.253,40.61,100.0,29,90.5
USO,United States Oil Fund (WTI),Commodities,251,55.33,1.29,1.465,-14.63,24.92,40.19,54.73,1.268,33.45,100.0,30,90.2
ABNB,Airbnb Inc.,Equities,251,54.0,1.268,2.178,-11.74,21.53,30.99,52.67,1.235,29.2,100.0,31,89.9
EWT,iShares MSCI Taiwan ETF,ETFs,251,54.67,1.26,1.978,-10.84,13.92,22.78,54.67,1.223,18.78,100.0,32,89.5
PENDLE-USD,Pendle USD,Crypto,366,52.67,1.258,2.447,-48.55,48.0,59.51,52.0,1.226,73.75,100.0,33,89.2
USCI,United States Commodity Index Fund,Commodities,251,60.0,1.22,1.641,-6.17,7.57,15.95,54.67,1.223,10.51,100.0,34,88.9
WEAT,Teucrium Wheat Fund,Commodities,251,52.67,1.204,2.285,-13.61,14.52,23.63,52.35,1.209,20.69,100.0,35,88.5
CSCO,Cisco Systems,Equities,251,55.33,1.155,1.728,-20.47,18.05,27.24,54.67,1.207,27.42,100.0,36,88.2
COIN,Coinbase Global,Equities,251,50.0,1.096,1.915,-27.5,31.8,42.05,49.33,1.191,57.23,100.0,37,87.8
DHR,Danaher Corp.,Equities,251,54.67,1.071,1.826,-23.9,15.82,24.83,54.0,1.194,26.25,100.0,38,87.5
PDBC,Invesco Optimum Yield Diversified,Commodities,251,60.0,1.068,1.277,-8.86,8.01,16.41,59.33,1.203,12.9,100.0,39,87.2
ADBE,Adobe Inc.,Equities,251,56.0,1.024,1.854,-25.87,18.91,28.16,56.0,1.176,34.08,100.0,40,86.8
FTGC,First Trust Global Tactical Commodity,Commodities,251,62.0,0.993,1.005,-6.1,5.77,14.0,59.33,1.205,10.01,100.0,41,86.5
EWY,iShares MSCI South Korea ETF,ETFs,251,53.33,0.94,1.573,-19.75,18.85,30.19,53.02,1.167,38.87,100.0,42,86.1
BNO,United States Brent Oil Fund,Commodities,251,55.33,0.936,1.065,-17.29,16.24,25.28,54.0,1.187,32.95,100.0,43,85.8
CRV-USD,Curve DAO USD,Crypto,366,50.0,0.897,1.787,-40.07,25.95,37.92,48.99,1.174,68.65,100.0,44,85.5
EOG,EOG Resources,Equities,251,56.67,0.882,1.173,-8.42,11.19,19.84,56.0,1.157,23.33,100.0,45,85.1
OXY,Occidental Petroleum,Equities,251,54.67,0.861,1.322,-14.42,12.14,20.87,54.0,1.153,26.42,100.0,46,84.8
LINK-USD,Chainlink USD,Crypto,366,50.0,0.861,1.568,-35.84,19.54,28.84,49.33,1.157,48.14,100.0,47,84.5
GCC,WisdomTree Enhanced Commodity Strategy,Commodities,251,60.0,0.838,1.068,-8.16,4.27,12.38,54.67,1.152,8.84,100.0,48,84.1
AAVE-USD,Aave USD,Crypto,366,46.0,0.823,1.571,-42.41,21.79,31.99,44.97,1.158,65.9,100.0,49,83.8
SOL-USD,Solana USD,Crypto,366,49.33,0.815,1.467,-37.78,17.64,26.8,48.0,1.149,46.78,100.0,50,83.4
BNB-USD,BNB USD,Crypto,366,53.33,0.749,1.299,-25.9,12.23,20.96,51.33,1.145,33.13,100.0,51,83.1
NOW,ServiceNow Inc.,Equities,251,52.67,0.738,1.072,-43.79,15.1,21.71,51.02,1.131,47.18,100.0,52,82.8
IBB,iShares Biotechnology ETF,ETFs,251,50.0,0.729,1.225,-10.77,7.06,15.39,49.33,1.121,17.93,100.0,53,82.4
DBC,Invesco DB Commodity Index Tracking,Commodities,251,58.0,0.728,0.882,-9.46,5.34,13.54,56.0,1.134,13.2,100.0,54,82.1
XLK,Technology Select Sector SPDR,ETFs,251,54.67,0.714,1.021,-16.62,7.57,15.65,53.02,1.125,19.98,100.0,55,81.8
INTC,Intel Corp.,Equities,251,49.33,0.696,1.128,-51.13,15.05,24.0,49.33,1.118,57.73,100.0,56,81.4
XLE,Energy Select Sector SPDR,ETFs,251,53.33,0.684,1.113,-8.91,6.5,14.79,52.67,1.116,17.79,100.0,57,81.1
SNOW,Snowflake Inc.,Equities,251,52.67,0.682,0.909,-37.55,13.46,23.5,51.01,1.128,48.61,100.0,58,80.7
TGT,Target Corp.,Equities,251,52.67,0.671,1.127,-13.56,9.3,17.81,52.67,1.114,28.19,100.0,59,80.4
CORN,Teucrium Corn Fund,Commodities,251,50.67,0.652,1.258,-10.99,4.86,11.36,51.01,1.109,13.65,100.0,60,80.1
WIF-USD,dogwifhat USD,Crypto,366,48.67,0.637,1.128,-47.68,13.15,21.96,47.33,1.126,70.46,100.0,61,79.7
MSFT,Microsoft Corp.,Equities,251,48.67,0.625,1.08,-20.32,7.38,16.11,47.26,1.107,23.58,100.0,62,79.4
EEM,iShares MSCI Emerging Markets ETF,ETFs,251,53.33,0.608,1.023,-9.75,5.18,13.37,51.33,1.104,16.1,100.0,63,79.1
EWJ,iShares MSCI Japan ETF,ETFs,251,52.67,0.6,0.964,-7.55,4.41,12.54,47.33,1.111,13.63,100.0,64,78.7
RUNE-USD,THORChain USD,Crypto,366,57.33,0.585,0.689,-51.6,10.52,20.34,56.85,1.12,58.97,100.0,65,78.4
MU,Micron Technology,Equities,251,50.0,0.573,0.79,-39.7,10.1,18.67,50.0,1.103,59.88,100.0,66,78.0
INTU,Intuit Inc.,Equities,251,48.67,0.569,1.053,-30.16,9.45,27.6,47.92,1.094,42.44,100.0,67,77.7
IBM,International Business Machines,Equities,251,51.33,0.561,0.73,-18.33,8.55,17.0,50.0,1.107,36.9,100.0,68,77.4
XLM-USD,Stellar USD,Crypto,366,46.0,0.5,1.006,-41.96,6.8,6.08,44.83,1.103,73.36,100.0,69,77.0
QQQ,Invesco QQQ Trust (Nasdaq 100),ETFs,251,52.0,0.468,0.701,-14.5,3.57,11.63,50.0,1.079,14.98,100.0,70,76.7
KAS-USD,Kaspa USD,Crypto,366,46.67,0.453,0.879,-42.72,6.23,14.24,46.98,1.08,54.01,100.0,71,76.4
V,Visa Inc.,Equities,251,57.33,0.415,0.625,-14.36,3.48,11.53,55.33,1.071,17.54,100.0,72,76.0
BCI,abrdn Bloomberg All Commodity Strategy,Commodities,251,55.33,0.371,0.425,-7.48,2.09,10.04,53.33,1.067,11.0,100.0,73,75.7
ETH-USD,Ethereum USD,Crypto,366,53.33,0.354,0.575,-37.31,3.66,11.73,52.0,1.069,44.17,100.0,74,75.3
SCHW,Charles Schwab Corp.,Equities,251,52.67,0.335,0.486,-12.74,2.96,10.98,52.0,1.056,21.61,100.0,75,75.0
COP,ConocoPhillips,Equities,251,51.33,0.329,0.492,-11.95,2.95,10.96,51.33,1.054,22.62,100.0,76,74.7
PYTH-USD,Pyth Network USD,Crypto,366,48.0,0.315,0.558,-50.99,-1.24,9.47,45.95,1.056,70.17,100.0,77,74.3
ICP-USD,Internet Computer USD,Crypto,366,50.0,0.304,0.456,-48.61,-1.41,4.39,50.34,1.058,68.17,100.0,78,74.0
TIA-USD,Celestia USD,Crypto,366,46.0,0.299,0.531,-43.82,-2.94,4.62,46.0,1.052,74.47,100.0,79,73.6
FXI,iShares China Large-Cap ETF,ETFs,251,49.33,0.293,0.558,-6.74,1.59,9.5,48.0,1.051,11.1,100.0,80,73.3
REGN,Regeneron Pharmaceuticals,Equities,251,46.67,0.267,0.484,-18.26,2.13,10.09,46.67,1.044,24.88,100.0,81,73.0
TSLA,Tesla Inc.,Equities,251,50.67,0.249,0.364,-24.61,1.3,9.19,49.33,1.043,38.2,100.0,82,72.6
LDO-USD,Lido DAO USD,Crypto,366,50.67,0.236,0.349,-46.33,-3.53,-3.36,50.34,1.042,65.52,100.0,83,72.3
META,Meta Platforms Inc.,Equities,251,51.33,0.214,0.333,-20.73,1.05,8.92,49.33,1.038,32.0,100.0,84,72.0
AVAX-USD,Avalanche USD,Crypto,366,47.33,0.202,0.336,-44.91,-2.53,5.07,47.33,1.039,56.8,100.0,85,71.6
RBN-USD,Ribbon Finance USD,Crypto,366,40.67,0.198,0.246,-44.56,-13.52,-22.35,42.86,1.046,91.74,100.0,86,71.3
DBA,Invesco DB Agriculture Fund,Commodities,251,54.67,0.192,0.316,-8.84,0.78,8.62,51.33,1.03,8.75,100.0,87,70.9
KLAC,KLA Corp.,Equities,251,52.0,0.161,0.238,-51.64,-2.54,5.05,52.0,1.028,49.55,100.0,88,70.6
MA,Mastercard Inc.,Equities,251,53.33,0.156,0.217,-12.56,0.68,8.51,52.0,1.026,19.41,100.0,89,70.3
BTC-USD,Bitcoin USD,Crypto,366,48.67,0.143,0.237,-31.21,-0.3,7.46,48.0,1.026,31.94,100.0,90,69.9
SPGI,S&P Global Inc.,Equities,251,52.0,0.136,0.246,-18.74,0.23,8.46,51.68,1.021,24.13,100.0,91,69.6
SOXX,iShares Semiconductor ETF,ETFs,251,56.67,0.129,0.177,-34.28,-0.92,6.79,55.33,1.021,34.52,100.0,92,69.3
VWO,Vanguard FTSE Emerging Markets,ETFs,251,50.0,0.12,0.19,-6.87,0.43,8.24,49.33,1.02,11.06,100.0,93,68.9
ANET,Arista Networks,Equities,251,48.0,0.11,0.184,-20.5,-2.86,4.7,48.0,1.018,44.16,100.0,94,68.6
AMGN,Amgen Inc.,Equities,251,47.33,0.101,0.186,-16.83,-0.17,7.87,45.64,1.016,22.73,100.0,95,68.2
SOYB,Teucrium Soybean Fund,Commodities,251,50.0,0.089,0.13,-10.02,0.23,8.03,46.67,1.015,10.62,100.0,96,67.9
MCO,Moody's Corp.,Equities,251,49.33,0.087,0.176,-15.3,-0.34,7.43,49.33,1.013,22.45,100.0,97,67.6
XOM,Exxon Mobil Corp.,Equities,251,53.33,0.078,0.118,-12.53,-0.34,7.42,52.67,1.013,21.01,100.0,98,67.2
AMZN,Amazon.com Inc.,Equities,251,53.33,0.077,0.132,-21.49,-0.57,7.17,52.0,1.012,23.5,100.0,99,66.9
MANTA-USD,Manta Network USD,Crypto,366,48.0,0.046,0.061,-45.18,-9.92,-3.26,46.94,1.008,63.36,100.0,100,66.6
SGOV,iShares 0-3 Month Treasury Bond ETF,Fixed_Income,251,32.67,0.0,,0.0,0.0,0.31,0.0,0.0,0.0,100.0,101,66.2
BIL,SPDR Bloomberg 1-3 Month T-Bill ETF,Fixed_Income,251,21.33,0.0,,0.0,0.0,-0.09,0.0,0.0,0.0,100.0,102,65.9
XRP-USD,XRP USD,Crypto,366,47.33,-0.02,-0.037,-37.66,-7.27,-0.05,47.33,0.996,48.94,100.0,103,65.5
LTC-USD,Litecoin USD,Crypto,366,50.67,-0.034,-0.056,-34.8,-4.79,2.63,50.67,0.994,37.52,100.0,104,65.2
TRX-USD,TRON USD,Crypto,366,60.0,-0.051,-0.056,-18.81,-1.37,6.31,57.33,0.991,16.97,100.0,105,64.9
BKNG,Booking Holdings,Equities,251,46.67,-0.056,-0.093,-20.91,-4.3,3.16,45.33,0.991,33.27,100.0,106,64.5
SMH,VanEck Semiconductor ETF,ETFs,251,55.33,-0.079,-0.11,-30.73,-3.83,3.66,55.33,0.987,29.08,100.0,107,64.2
ADA-USD,Cardano USD,Crypto,366,44.0,-0.101,-0.164,-52.31,-13.1,-12.12,43.84,0.982,59.48,100.0,108,63.9
KRE,SPDR S&P Regional Banking ETF,ETFs,251,49.33,-0.106,-0.156,-9.93,-2.06,5.56,48.0,0.983,17.88,100.0,109,63.5
SHIB-USD,Shiba Inu USD,Crypto,366,6.67,-0.125,-0.177,-55.39,-37.11,-32.22,6.71,0.958,111.89,100.0,110,63.2
AMAT,Applied Materials,Equities,251,52.67,-0.152,-0.216,-48.06,-9.6,-2.55,51.33,0.975,44.86,100.0,111,62.8
COMB,GraniteShares Bloomberg Commodity,Commodities,251,54.0,-0.155,-0.18,-8.66,-1.37,6.31,51.33,0.973,11.01,100.0,112,62.5
PEPE24478-USD,Pepe USD,Crypto,366,3.33,-0.156,-0.169,-55.49,-28.03,-25.49,4.21,0.91,88.34,100.0,113,62.2
SEI-USD,Sei USD,Crypto,366,50.67,-0.186,-0.256,-54.9,-16.34,-9.81,50.0,0.968,60.77,100.0,114,61.8
ETC-USD,Ethereum Classic USD,Crypto,366,44.0,-0.198,-0.371,-43.38,-11.98,-5.12,41.33,0.965,49.07,100.0,115,61.5
KWEB,KraneShares CSI China Internet ETF,ETFs,251,45.33,-0.21,-0.404,-10.57,-3.11,4.43,42.67,0.965,17.8,100.0,116,61.1
HBAR-USD,Hedera USD,Crypto,366,47.33,-0.22,-0.462,-38.82,-9.87,-2.84,45.95,0.964,41.21,100.0,117,60.8
OP-USD,Optimism USD,Crypto,366,48.67,-0.223,-0.39,-57.77,-20.88,-14.71,48.67,0.962,69.55,100.0,118,60.5
XLF,Financial Select Sector SPDR,ETFs,251,53.33,-0.249,-0.372,-7.24,-2.14,5.26,48.32,0.96,11.79,100.0,119,60.1
DBB,Invesco DB Base Metals Fund,Commodities,251,54.67,-0.257,-0.346,-8.81,-1.77,5.88,50.0,0.956,9.8,100.0,120,59.8
QCOM,Qualcomm Inc.,Equities,251,45.33,-0.27,-0.411,-42.92,-14.21,-3.33,44.3,0.955,49.62,100.0,121,59.5
DOGE-USD,Dogecoin USD,Crypto,366,47.33,-0.279,-0.47,-44.18,-13.4,-6.65,46.67,0.95,47.3,100.0,122,59.1
CVX,Chevron Corp.,Equities,251,55.33,-0.295,-0.445,-12.78,-4.22,3.24,53.33,0.953,18.62,100.0,123,58.8
CPER,United States Copper Index Fund,Commodities,251,48.67,-0.303,-0.496,-13.19,-3.13,4.41,48.67,0.95,14.28,100.0,124,58.4
SPY,SPDR S&P 500 ETF Trust,ETFs,251,51.33,-0.306,-0.456,-9.72,-2.06,5.56,50.0,0.95,9.85,100.0,125,58.1
MKR-USD,Maker USD,Crypto,366,48.67,-0.382,-0.515,-52.3,-38.91,-34.13,48.0,0.933,95.2,100.0,126,57.8
ALGO-USD,Algorand USD,Crypto,366,49.33,-0.385,-0.665,-46.21,-18.67,-14.06,48.98,0.94,53.32,100.0,127,57.4
VOO,Vanguard S&P 500 ETF,ETFs,251,51.33,-0.391,-0.581,-9.9,-2.55,5.04,49.33,0.937,9.86,100.0,128,57.1
MRK,Merck & Co.,Equities,251,46.0,-0.393,-0.687,-17.13,-6.63,0.64,44.67,0.939,22.75,100.0,129,56.8
NVDA,NVIDIA Corp.,Equities,251,52.0,-0.411,-0.664,-28.35,-10.23,-3.39,52.35,0.936,31.78,100.0,130,56.4
C,Citigroup Inc.,Equities,251,49.33,-0.42,-0.642,-25.68,-7.88,-0.71,48.0,0.932,25.24,100.0,131,56.1
FLOKI-USD,FLOKI USD,Crypto,366,24.67,-0.426,-0.706,-51.6,-25.02,-19.17,24.67,0.92,65.09,100.0,132,55.7
IVV,iShares Core S&P 500 ETF,ETFs,251,51.33,-0.444,-0.662,-10.48,-2.86,4.71,49.33,0.929,9.88,100.0,133,55.4
ELV,Elevance Health,Equities,251,48.67,-0.486,-0.742,-20.9,-10.18,-3.18,48.0,0.922,28.65,100.0,134,55.1
SNPS,Synopsys Inc.,Equities,251,48.0,-0.501,-0.84,-36.01,-13.67,-4.11,46.98,0.917,36.23,100.0,135,54.7
CMDY,iShares Bloomberg Roll Select Commodity,Commodities,251,54.67,-0.501,-0.629,-9.39,-3.28,4.25,50.67,0.917,10.15,100.0,136,54.4
DOT-USD,Polkadot USD,Crypto,366,44.0,-0.526,-0.87,-51.38,-22.93,-14.85,43.24,0.912,54.85,100.0,137,54.1
CDNS,Cadence Design Systems,Equities,251,46.67,-0.529,-0.839,-32.06,-13.95,-7.24,46.0,0.917,35.69,100.0,138,53.7
JUP-USD,Jupiter USD,Crypto,366,45.33,-0.535,-0.534,-983.1,-3928157056136.84,-1404812971534853.2,44.35,0.849,1935.56,100.0,139,53.4
GILD,Gilead Sciences,Equities,251,48.0,-0.535,-0.93,-23.94,-8.61,-1.48,47.33,0.921,23.22,100.0,140,53.0
DYDX-USD,dYdX USD,Crypto,366,46.67,-0.536,-0.804,-58.51,-39.71,-34.56,44.97,0.909,87.31,100.0,141,52.7
IWF,iShares Russell 1000 Growth ETF,ETFs,251,48.0,-0.538,-0.853,-13.59,-4.83,5.05,46.31,0.917,13.7,100.0,142,52.4
OIH,VanEck Oil Services ETF,ETFs,251,49.33,-0.542,-0.805,-25.74,-10.04,-3.02,48.0,0.915,26.35,100.0,143,52.0
IWM,iShares Russell 2000 ETF,ETFs,251,49.33,-0.591,-1.037,-14.04,-5.42,1.95,46.0,0.908,14.15,100.0,144,51.7
PPLT,abrdn Physical Platinum Shares,Commodities,251,47.33,-0.602,-0.895,-19.05,-9.46,-2.4,46.67,0.905,23.22,100.0,145,51.4
IWD,iShares Russell 1000 Value ETF,ETFs,251,51.33,-0.641,-1.018,-6.45,-3.37,4.15,46.67,0.901,8.44,100.0,146,51.0
JPM,JPMorgan Chase & Co.,Equities,251,50.0,-0.643,-0.952,-15.57,-8.28,-1.13,46.67,0.899,19.58,100.0,147,50.7
ABBV,AbbVie Inc.,Equities,251,47.33,-0.647,-1.128,-16.76,-10.07,-2.15,45.64,0.896,23.37,100.0,148,50.3
MS,Morgan Stanley,Equities,251,46.0,-0.68,-0.964,-26.62,-10.98,-4.04,45.33,0.896,24.34,100.0,149,50.0
DE,Deere & Co.,Equities,251,48.67,-0.691,-1.21,-19.55,-12.79,-5.99,46.67,0.897,27.71,100.0,150,49.7
XLC,Communication Services Select Sector,ETFs,251,46.67,-0.694,-1.177,-16.25,-6.14,1.17,44.67,0.896,13.93,100.0,151,49.3
AVGO,Broadcom Inc.,Equities,251,47.33,-0.729,-1.19,-37.55,-14.93,-8.3,46.0,0.888,30.75,100.0,152,49.0
ATOM-USD,Cosmos USD,Crypto,366,40.67,-0.736,-1.287,-48.21,-26.28,-20.52,40.0,0.879,51.65,100.0,153,48.6
EWZ,iShares MSCI Brazil ETF,ETFs,251,46.67,-0.775,-1.283,-24.8,-9.3,-2.23,46.0,0.883,18.85,100.0,154,48.3
JNJ,Johnson & Johnson,Equities,251,52.67,-0.776,-1.302,-13.5,-8.13,-0.51,48.99,0.884,16.58,100.0,155,48.0
ICE,Intercontinental Exchange,Equities,251,48.67,-0.791,-1.207,-33.24,-11.13,-4.79,47.65,0.881,22.0,100.0,156,47.6
BAC,Bank of America Corp.,Equities,251,52.0,-0.801,-1.133,-15.83,-10.09,-3.08,50.0,0.878,19.82,100.0,157,47.3
SLB,Schlumberger Ltd.,Equities,251,47.33,-0.805,-1.241,-26.83,-17.45,-11.01,47.33,0.877,33.15,100.0,158,47.0
EMR,Emerson Electric,Equities,251,46.67,-0.82,-1.349,-21.36,-14.42,-7.75,46.0,0.875,27.33,100.0,159,46.6
CSX,CSX Corp.,Equities,251,53.33,-0.831,-1.262,-21.87,-10.22,-3.23,51.33,0.876,19.5,100.0,160,46.3
SLV,iShares Silver Trust,Commodities,251,44.67,-0.862,-1.242,-25.28,-16.13,-9.59,44.0,0.861,29.27,100.0,161,45.9
XLV,Health Care Select Sector SPDR,ETFs,251,48.0,-0.868,-1.608,-12.48,-6.97,0.28,42.67,0.87,13.0,100.0,162,45.6
PALL,abrdn Physical Palladium Shares,Commodities,251,49.33,-0.888,-1.335,-22.6,-13.8,-7.08,48.0,0.862,24.66,100.0,163,45.3
TFC,Truist Financial,Equities,251,49.33,-0.888,-1.204,-16.5,-12.7,-5.9,49.33,0.861,22.76,100.0,164,44.9
SNX-USD,Synthetix USD,Crypto,366,43.33,-0.916,-1.582,-54.42,-36.76,-31.81,42.0,0.854,62.74,100.0,165,44.6
VTI,Vanguard Total Stock Market,ETFs,251,50.0,-0.933,-1.398,-11.58,-5.69,1.65,46.67,0.856,10.01,100.0,166,44.3
PM,Philip Morris International,Equities,251,52.0,-0.943,-1.528,-16.3,-14.71,-8.06,51.33,0.859,25.01,100.0,167,43.9
WMT,Walmart Inc.,Equities,251,47.33,-0.953,-1.649,-18.1,-12.51,-5.69,45.33,0.861,21.2,100.0,168,43.6
XME,SPDR S&P Metals & Mining ETF,ETFs,251,47.33,-0.974,-1.572,-32.48,-18.22,-11.85,46.0,0.858,30.04,100.0,169,43.2
LRCX,Lam Research,Equities,251,50.0,-0.975,-1.41,-54.44,-29.91,-24.43,50.0,0.854,48.82,100.0,170,42.9
ORCL,Oracle Corp.,Equities,251,45.33,-0.979,-1.663,-43.35,-29.13,-23.6,44.67,0.854,47.51,100.0,171,42.6
ADI,Analog Devices,Equities,251,46.67,-0.999,-1.646,-32.74,-17.84,-12.33,45.27,0.856,28.85,100.0,172,42.2
VEA,Vanguard FTSE Developed Markets,ETFs,251,46.0,-1.005,-1.519,-13.89,-7.57,-0.37,42.0,0.842,12.39,100.0,173,41.9
BONK-USD,Bonk USD,Crypto,366,5.33,-1.024,-1.322,-84.47,-72.06,-69.59,4.83,0.668,125.66,100.0,174,41.6
EFA,iShares MSCI EAFE ETF,ETFs,251,46.0,-1.03,-1.61,-13.29,-6.97,0.28,42.0,0.839,11.17,100.0,175,41.2
UUP,Invesco DB US Dollar Index Bullish,FX,251,58.67,-1.068,-1.388,-3.71,-2.33,5.27,47.33,0.828,3.65,100.0,176,40.9
USB,U.S. Bancorp,Equities,251,48.0,-1.092,-1.474,-15.82,-13.3,-6.54,48.0,0.834,20.09,100.0,177,40.5
PNC,PNC Financial Services,Equities,251,48.0,-1.102,-1.495,-16.86,-13.4,-6.64,46.0,0.831,20.07,100.0,178,40.2
ETN,Eaton Corp.,Equities,251,45.33,-1.187,-1.871,-32.14,-22.88,-15.41,42.28,0.827,32.32,100.0,179,39.9
BLK,BlackRock Inc.,Equities,251,46.0,-1.188,-1.901,-22.38,-15.73,-9.16,46.0,0.828,22.12,100.0,180,39.5
VRTX,Vertex Pharmaceuticals,Equities,251,42.67,-1.22,-1.88,-21.93,-17.82,-11.55,42.95,0.824,24.54,100.0,181,39.2
CME,CME Group Inc.,Equities,251,53.33,-1.243,-1.628,-34.28,-17.46,-10.86,49.66,0.808,23.65,100.0,182,38.9
WFC,Wells Fargo & Co.,Equities,251,49.33,-1.244,-1.911,-19.88,-17.11,-10.64,49.33,0.82,23.16,100.0,183,38.5
ISRG,Intuitive Surgical,Equities,251,48.0,-1.245,-1.787,-39.89,-21.98,-16.66,47.65,0.816,29.87,100.0,184,38.2
JETS,U.S. Global Jets ETF,ETFs,251,43.33,-1.277,-2.372,-23.71,-19.29,-12.99,42.67,0.813,25.61,100.0,185,37.8
BMY,Bristol-Myers Squibb,Equities,251,45.33,-1.285,-2.114,-20.35,-17.3,-10.85,43.33,0.812,22.8,100.0,186,37.5
MO,Altria Group,Equities,251,50.67,-1.287,-1.801,-19.5,-14.89,-8.25,49.33,0.809,19.54,100.0,187,37.2
UNH,UnitedHealth Group,Equities,251,44.0,-1.332,-2.027,-23.98,-19.25,-13.76,42.95,0.809,24.65,100.0,188,36.8
WMB,Williams Companies,Equities,251,50.0,-1.368,-2.266,-22.85,-18.3,-11.93,48.67,0.803,22.89,100.0,189,36.5
KMI,Kinder Morgan,Equities,251,47.33,-1.383,-2.351,-20.94,-16.58,-10.07,46.67,0.803,20.49,100.0,190,36.1
SBUX,Starbucks Corp.,Equities,251,48.0,-1.401,-2.157,-30.8,-19.5,-13.23,44.67,0.792,23.94,100.0,191,35.8
PG,Procter & Gamble Co.,Equities,251,42.67,-1.422,-2.625,-24.48,-14.56,-7.9,41.33,0.792,17.51,100.0,192,35.5
AXP,American Express,Equities,251,46.0,-1.488,-2.0,-21.54,-19.13,-12.83,42.67,0.775,22.28,100.0,193,35.1
CVS,CVS Health Corp.,Equities,251,47.33,-1.537,-2.575,-23.63,-22.12,-16.05,46.0,0.779,25.24,100.0,194,34.8
EWU,iShares MSCI United Kingdom ETF,ETFs,251,46.67,-1.554,-2.326,-14.55,-9.3,-2.24,43.33,0.774,10.22,100.0,195,34.5
GS,Goldman Sachs Group,Equities,251,50.67,-1.556,-2.122,-37.2,-24.48,-18.8,49.66,0.767,27.79,100.0,196,34.1
FDX,FedEx Corp.,Equities,251,43.33,-1.57,-2.62,-28.1,-24.6,-18.72,42.67,0.777,27.74,100.0,197,33.8
XRT,SPDR S&P Retail ETF,ETFs,251,41.33,-1.589,-2.714,-17.96,-15.04,-9.08,40.27,0.783,16.38,100.0,198,33.4
UBER,Uber Technologies,Equities,251,46.67,-1.615,-2.768,-37.95,-28.14,-22.54,44.0,0.772,31.31,100.0,199,33.1
GE,General Electric,Equities,251,51.33,-1.624,-2.484,-31.41,-25.33,-19.5,51.33,0.775,27.79,100.0,200,32.8
MDLZ,Mondelez International,Equities,251,50.0,-1.67,-2.597,-17.71,-19.75,-13.49,48.67,0.765,20.82,100.0,201,32.4
TXN,Texas Instruments,Equities,251,44.67,-1.671,-2.739,-34.87,-29.78,-24.3,43.33,0.763,32.37,100.0,202,32.1
XLY,Consumer Discretionary Select Sector,ETFs,251,45.33,-1.685,-2.63,-19.65,-13.52,-6.78,43.33,0.763,13.9,100.0,203,31.8
BCH-USD,Bitcoin Cash USD,Crypto,366,44.0,-1.71,-2.397,-63.54,-53.84,-47.12,41.89,0.71,63.94,100.0,204,31.4
COST,Costco Wholesale Corp.,Equities,251,44.67,-1.726,-2.856,-23.68,-17.67,-11.25,44.0,0.761,17.98,100.0,205,31.1
PFE,Pfizer Inc.,Equities,251,46.0,-1.751,-2.663,-24.86,-17.77,-11.36,43.33,0.753,17.85,100.0,206,30.7
FXA,Invesco CurrencyShares Australian Dollar,FX,251,46.67,-1.759,-2.836,-8.19,-5.13,2.26,37.33,0.744,4.96,100.0,207,30.4
SYK,Stryker Corp.,Equities,251,47.33,-1.787,-2.421,-32.82,-28.18,-22.57,45.33,0.74,28.75,100.0,208,30.1
TAN,Invesco Solar ETF,ETFs,251,46.0,-1.822,-2.835,-44.55,-30.1,-24.64,44.67,0.748,30.43,100.0,209,29.7
LLY,Eli Lilly and Co.,Equities,251,38.0,-1.826,-3.395,-28.15,-26.35,-20.91,36.91,0.744,26.22,100.0,210,29.4
EWG,iShares MSCI Germany ETF,ETFs,251,45.33,-1.851,-2.687,-18.67,-12.93,-6.15,41.33,0.724,12.16,100.0,211,29.1
ICLN,iShares Global Clean Energy ETF,ETFs,251,46.67,-1.861,-2.881,-36.97,-25.88,-20.18,46.98,0.742,25.3,100.0,212,28.7
UPS,United Parcel Service,Equities,251,46.0,-1.867,-2.463,-26.31,-26.04,-20.26,45.33,0.727,25.37,100.0,213,28.4
WM,Waste Management,Equities,251,49.33,-1.872,-2.855,-22.25,-18.0,-11.6,47.33,0.732,17.02,100.0,214,28.0
GLD,SPDR Gold Shares,Commodities,251,46.67,-1.887,-2.58,-19.77,-16.29,-9.76,44.0,0.722,15.21,100.0,215,27.7
IAU,iShares Gold Trust,Commodities,251,46.0,-1.891,-2.579,-19.6,-16.19,-9.66,42.67,0.721,15.08,100.0,216,27.4
UNG,United States Natural Gas Fund,Commodities,251,41.33,-1.902,-3.011,-29.54,-27.92,-22.72,41.61,0.736,26.97,100.0,217,27.0
KMB,Kimberly-Clark,Equities,251,46.67,-1.907,-2.848,-25.11,-23.95,-18.02,46.0,0.735,22.74,100.0,218,26.7
SGOL,abrdn Physical Gold Shares,Commodities,251,46.67,-1.925,-2.62,-19.75,-16.44,-9.16,44.3,0.716,15.07,100.0,219,26.4
MDY,SPDR S&P MidCap 400 ETF,ETFs,251,46.0,-1.97,-3.378,-17.93,-13.49,-6.75,44.67,0.732,11.99,100.0,220,26.0
XLRE,Real Estate Select Sector SPDR,ETFs,251,47.33,-1.978,-2.896,-17.47,-13.94,-7.24,44.67,0.726,12.36,100.0,221,25.7
CI,The Cigna Group,Equities,251,48.0,-1.982,-3.231,-24.79,-25.34,-19.51,47.33,0.733,23.36,100.0,222,25.3
INDA,iShares MSCI India ETF,ETFs,251,43.33,-2.055,-3.347,-13.19,-10.25,-3.25,39.33,0.705,8.65,100.0,223,25.0
CAT,Caterpillar Inc.,Equities,251,43.33,-2.079,-3.147,-41.1,-33.61,-28.43,42.67,0.71,30.77,100.0,224,24.7
CL,Colgate-Palmolive,Equities,251,47.33,-2.098,-3.614,-23.77,-22.51,-16.46,45.33,0.718,19.5,100.0,225,24.3
MDT,Medtronic plc,Equities,251,46.0,-2.121,-2.999,-29.9,-24.31,-18.4,44.0,0.703,20.99,100.0,226,24.0
KO,The Coca-Cola Co.,Equities,251,43.33,-2.127,-2.981,-21.39,-19.61,-13.34,43.33,0.7,16.57,100.0,227,23.6
XLP,Consumer Staples Select Sector,ETFs,251,45.33,-2.184,-3.613,-15.81,-15.33,-8.73,40.0,0.707,12.44,100.0,228,23.3
RSP,Invesco S&P 500 Equal Weight,ETFs,251,46.0,-2.194,-3.699,-13.39,-11.07,-4.14,41.33,0.708,8.8,100.0,229,23.0
TJX,The TJX Companies,Equities,251,42.67,-2.262,-3.75,-30.87,-23.24,-17.26,41.61,0.694,18.84,100.0,230,22.6
UNP,Union Pacific Corp.,Equities,251,47.33,-2.262,-3.597,-27.33,-24.41,-18.51,45.33,0.698,19.89,100.0,231,22.3
NKE,NIKE Inc.,Equities,251,41.33,-2.483,-3.992,-37.25,-32.75,-27.49,40.67,0.673,25.5,100.0,232,22.0
XLB,Materials Select Sector SPDR,ETFs,251,48.67,-2.494,-4.155,-21.84,-19.51,-13.23,46.67,0.68,14.2,100.0,233,21.6
HON,Honeywell International,Equities,251,43.33,-2.523,-3.58,-36.46,-33.02,-27.79,42.67,0.654,25.37,100.0,234,21.3
DIA,SPDR Dow Jones Industrial Average,ETFs,251,49.33,-2.587,-3.79,-15.44,-13.43,-6.69,42.0,0.651,9.2,100.0,235,20.9
BSX,Boston Scientific,Equities,251,45.33,-2.637,-3.996,-46.29,-40.7,-36.85,45.27,0.646,31.36,100.0,236,20.6
NSC,Norfolk Southern,Equities,251,48.67,-2.644,-3.973,-27.4,-26.52,-20.78,46.0,0.647,18.89,100.0,237,20.3
ABT,Abbott Laboratories,Equities,251,46.0,-2.679,-4.31,-32.69,-29.64,-24.15,44.67,0.651,21.18,100.0,238,19.9
PCY,Invesco Emerging Markets Sovereign Debt,Fixed_Income,251,41.33,-2.689,-4.012,-11.18,-9.29,-2.22,33.33,0.619,6.02,100.0,239,19.6
ITW,Illinois Tool Works,Equities,251,42.0,-2.77,-4.617,-26.73,-27.26,-21.58,40.67,0.638,18.66,100.0,240,19.3
GD,General Dynamics,Equities,251,46.67,-2.788,-3.839,-28.9,-27.01,-21.31,44.67,0.634,18.34,100.0,241,18.9
BA,The Boeing Co.,Equities,251,38.67,-2.83,-4.885,-40.47,-39.84,-34.56,36.91,0.632,28.66,100.0,242,18.6
PH,Parker-Hannifin,Equities,251,42.67,-3.075,-4.76,-38.62,-34.46,-29.34,40.0,0.616,22.24,100.0,243,18.2
RTX,RTX Corp.,Equities,251,47.33,-3.183,-4.393,-36.39,-34.74,-29.64,44.67,0.59,21.75,100.0,244,17.9
XLI,Industrial Select Sector SPDR,ETFs,251,41.33,-3.218,-5.132,-26.91,-24.36,-18.05,39.86,0.605,14.25,100.0,245,17.6
XLU,Utilities Select Sector SPDR,ETFs,251,46.67,-3.347,-4.734,-27.3,-26.07,-20.3,46.0,0.588,14.82,100.0,246,17.2
LMT,Lockheed Martin,Equities,251,39.33,-3.451,-5.27,-39.32,-38.98,-35.36,39.16,0.573,23.22,100.0,247,16.9
NOC,Northrop Grumman,Equities,251,45.33,-3.505,-4.719,-42.38,-39.93,-35.9,44.97,0.549,23.59,100.0,248,16.6
PEP,PepsiCo Inc.,Equities,251,44.0,-3.518,-5.333,-33.82,-32.27,-26.98,42.0,0.567,18.11,100.0,249,16.2
XHB,SPDR S&P Homebuilders ETF,ETFs,251,42.67,-3.558,-5.791,-37.39,-37.68,-32.5,40.94,0.564,21.63,100.0,250,15.9
LOW,Lowe's Companies,Equities,251,39.33,-3.679,-6.0,-39.81,-40.75,-36.65,36.24,0.561,23.13,100.0,251,15.5
HD,The Home Depot,Equities,251,40.67,-3.689,-6.561,-36.69,-38.13,-30.37,39.46,0.561,21.22,100.0,252,15.2
TLT,iShares 20+ Year Treasury Bond ETF,Fixed_Income,251,46.67,-4.081,-5.691,-14.25,-13.34,-6.58,40.0,0.498,5.85,100.0,253,14.9
FXB,Invesco CurrencyShares British Pound,FX,251,43.33,-4.161,-6.616,-10.3,-9.68,-2.64,34.67,0.502,4.09,100.0,254,14.5
EMB,iShares J.P. Morgan USD Emerging Markets,Fixed_Income,251,46.67,-4.298,-5.805,-12.94,-11.13,-4.21,37.33,0.461,4.59,100.0,255,14.2
UDN,Invesco DB US Dollar Index Bearish,FX,251,36.0,-4.359,-6.438,-10.0,-9.08,-2.0,36.0,0.478,3.65,100.0,256,13.9
LQD,iShares iBoxx $ Investment Grade Corporate,Fixed_Income,251,48.67,-4.461,-6.769,-12.15,-10.62,-3.65,36.0,0.465,4.21,100.0,257,13.5
FXE,Invesco CurrencyShares Euro Trust,FX,251,44.0,-4.509,-6.559,-10.16,-9.41,-2.36,32.0,0.466,3.67,100.0,258,13.2
JNK,SPDR Bloomberg High Yield Bond ETF,Fixed_Income,251,43.33,-4.538,-6.844,-8.93,-8.95,-1.91,32.21,0.443,3.46,100.0,259,12.8
SHYG,iShares 0-5 Year High Yield Corporate,Fixed_Income,251,44.67,-4.665,-6.606,-7.46,-7.19,-0.72,24.82,0.413,2.68,100.0,260,12.5
SHY,iShares 1-3 Year Treasury Bond ETF,Fixed_Income,251,40.67,-4.769,-2.841,-1.13,-1.13,-1.94,0.0,0.0,0.4,100.0,261,12.2
MCD,McDonald's Corp.,Equities,251,38.67,-4.889,-7.034,-42.8,-42.03,-37.5,38.0,0.447,18.36,100.0,262,11.8
FXF,Invesco CurrencyShares Swiss Franc,FX,251,40.67,-4.94,-7.445,-13.3,-12.38,-5.55,31.33,0.424,4.47,100.0,263,11.5
FXY,Invesco CurrencyShares Japanese Yen,FX,251,34.67,-4.999,-10.523,-12.53,-11.55,-4.66,24.0,0.374,4.11,100.0,264,11.1
HYG,iShares iBoxx $ High Yield Corporate Bond,Fixed_Income,251,40.67,-5.006,-7.639,-9.77,-9.33,-2.27,32.67,0.411,3.27,100.0,265,10.8
FXC,Invesco CurrencyShares Canadian Dollar,FX,251,42.0,-5.405,-8.196,-9.69,-9.06,-1.97,33.33,0.408,2.94,100.0,266,10.5
VCIT,Vanguard Intermediate-Term Corporate,Fixed_Income,251,44.67,-6.334,-8.954,-12.28,-11.7,-4.81,29.33,0.341,3.29,100.0,267,10.1
BNDX,Vanguard Total International Bond ETF,Fixed_Income,251,46.0,-6.449,-8.767,-8.84,-8.59,-2.35,33.33,0.326,2.34,100.0,268,9.8
BND,Vanguard Total Bond Market ETF,Fixed_Income,251,43.33,-6.694,-9.834,-10.25,-9.88,-2.86,32.67,0.33,2.6,100.0,269,9.5
IEF,iShares 7-10 Year Treasury Bond ETF,Fixed_Income,251,41.33,-6.95,-10.454,-12.45,-12.0,-5.15,30.67,0.326,3.08,100.0,270,9.1
GOVT,iShares U.S. Treasury Bond ETF,Fixed_Income,251,37.33,-7.084,-10.269,-9.29,-9.33,-2.69,26.39,0.313,2.32,100.0,271,8.8
AGG,iShares Core U.S. Aggregate Bond ETF,Fixed_Income,251,40.67,-7.472,-11.032,-11.59,-11.31,-4.4,30.67,0.29,2.69,100.0,272,8.4
IEI,iShares 3-7 Year Treasury Bond ETF,Fixed_Income,251,39.33,-7.782,-10.591,-8.77,-8.84,-3.78,23.7,0.258,1.99,100.0,273,8.1
MUB,iShares National Muni Bond ETF,Fixed_Income,251,38.67,-7.794,-10.216,-11.59,-11.46,-4.56,29.33,0.272,2.62,100.0,274,7.8
TIP,iShares TIPS Bond ETF (Inflation Protected),Fixed_Income,251,42.67,-8.42,-10.163,-11.82,-11.87,-5.01,28.67,0.227,2.52,100.0,275,7.4
VCSH,Vanguard Short-Term Corporate Bond,Fixed_Income,251,38.67,-8.703,-10.609,-7.26,-7.24,-2.35,28.21,0.178,1.45,100.0,276,7.1
USDZAR=X,USD/ZAR US Dollar to South African Rand,FX,260,39.33,-11.084,-15.577,-8.08,-8.16,-1.01,10.0,0.119,1.29,100.0,277,6.8
ARB-USD,Arbitrum USD,Crypto,366,1.33,-12.252,-296324.147,-2.71,-2.76,-18.08,0.0,0.0,0.38,100.0,278,6.4
USDBRL=X,USD/BRL US Dollar to Brazilian Real,FX,260,48.0,-15.13,-19.418,-6.79,-6.78,0.48,11.33,0.094,0.78,100.0,279,6.1
NZDUSD=X,NZD/USD New Zealand Dollar to US Dollar,FX,260,47.33,-20.656,-34.533,-7.42,-7.17,0.06,2.0,0.046,0.6,100.0,280,5.7
USDMXN=X,USD/MXN US Dollar to Mexican Peso,FX,260,46.0,-24.431,-33.267,-7.64,-7.54,-0.34,4.67,0.035,0.54,100.0,281,5.4
USDINR=X,USD/INR US Dollar to Indian Rupee,FX,260,6.67,-24.521,-31.016,-7.51,-7.56,-0.36,0.67,0.025,0.54,100.0,282,5.1
AUDJPY=X,AUD/JPY Australian Dollar to Japanese Yen,FX,260,49.33,-27.831,-29.226,-7.24,-7.3,-0.08,2.67,0.005,0.46,100.0,283,4.7
AUDUSD=X,AUD/USD Australian Dollar to US Dollar,FX,260,52.0,-31.434,-33.628,-7.02,-7.04,0.21,2.67,0.005,0.39,100.0,284,4.4
CADJPY=X,CAD/JPY Canadian Dollar to Japanese Yen,FX,260,50.67,-36.286,-36.286,-7.12,-7.18,0.05,0.0,0.0,0.34,100.0,285,4.1
USDJPY=X,USD/JPY US Dollar to Japanese Yen,FX,260,48.0,-38.319,-40.159,-7.14,-7.21,0.02,1.33,0.002,0.33,100.0,286,3.7
GBPJPY=X,GBP/JPY British Pound to Japanese Yen,FX,260,52.0,-39.179,-40.094,-7.09,-7.16,0.07,0.67,0.001,0.32,100.0,287,3.4
EURJPY=X,EUR/JPY Euro to Japanese Yen,FX,260,45.33,-39.595,-39.595,-7.22,-7.29,-0.07,0.0,0.0,0.32,100.0,288,3.0
USDCHF=X,USD/CHF US Dollar to Swiss Franc,FX,260,40.67,-40.515,-41.738,-7.7,-7.75,-0.56,0.67,0.001,0.33,100.0,289,2.7
USDSGD=X,USD/SGD US Dollar to Singapore Dollar,FX,260,42.0,-40.724,-40.724,-7.66,-7.75,-0.56,0.0,0.0,0.33,100.0,290,2.4
EURCHF=X,EUR/CHF Euro to Swiss Franc,FX,260,37.33,-41.454,-41.454,-7.59,-7.64,-0.45,0.0,0.0,0.32,100.0,291,2.0
EURUSD=X,EUR/USD Euro to US Dollar,FX,260,54.67,-47.297,-47.297,-7.09,-7.14,0.1,0.0,0.0,0.26,100.0,292,1.7
GBPUSD=X,GBP/USD British Pound to US Dollar,FX,260,52.67,-55.971,-55.971,-7.03,-7.07,0.17,0.0,0.0,0.22,100.0,293,1.4
EURGBP=X,EUR/GBP Euro to British Pound,FX,260,42.0,-70.17,-77.882,-7.12,-7.16,0.07,0.67,0.001,0.18,100.0,294,1.0
USDCAD=X,USD/CAD US Dollar to Canadian Dollar,FX,260,46.67,-72.706,-72.706,-7.29,-7.35,-0.13,0.0,0.0,0.18,100.0,295,0.7
USDHKD=X,USD/HKD US Dollar to Hong Kong Dollar,FX,260,40.0,-180.663,-180.663,-7.24,-7.29,-0.07,0.0,0.0,0.07,100.0,296,0.3
